section,n_passages,avg_words,top_terms
Course Descriptions,617,82.0,course; students; social; topics; political; chinese; world; include
Majors (listed in alphabetical order),61,99.3,science; major; students; track; environmental; global; courses; electives
Degree Requirements,30,84.2,courses; credits; duke; students; signature; signature work; work; chinese
Grading and Grade Requirements,21,103.9,cr; nc; credit; basis; cr nc; grade; credits; courses
Office of Global Education and Study Away,18,85.1,duke; away; study away; programs; students; dku; study; program
Entrance Credit and Placement,14,82.1,placement; credits; duke kunshan; kunshan; college; duke; english; credit
Undergraduate Course Load,14,94.5,underload; credits; medical; term; academic; dean; student; withdrawal
"Academic Warning, Probation, and Suspension for Students in the Classes of 2022-2024",12,84.2,academic; probation; term; probationary; probationary status; status; grades; academic probation
Changes in Status,12,107.9,leave; leave absence; absence; university; term; return; classes; students
Estimated Expenses,12,66.7,deposit; 000; fees; residence; costs; tuition; room; 00
"Academic Warning, Probation, and Suspension for Students in the Class of 2025 and Beyond",10,75.7,grade; term; probation; academic; spring term; fall spring; spring; 000
Part 11: Academic Calendar 2021-22,9,42.0,classes; day; 2021; week; graduate classes; thursday; classes day; ends
Refund,7,35.7,tuition; leave; leave absence; absence; university; refund; adjustment; refunded
Course Repeat,7,84.1,repeat; course; grade; duke; advisor; repeated; permission; academic advisor
Registration,7,87.7,drop; term; drop add; student; add; period; advisor; prior
Transfer of Work Taken Elsewhere,7,117.3,credit; duke; transfer; university; taken; duke kunshan; kunshan; kunshan university
Partners,6,84.0,city; duke; university; 000; china; academy; national; kunshan
Academic Integrity,6,85.8,uarb; resolution; case; academic; student; undergraduate; dku; violations
Career Services,6,78.5,career; alumni; services; services office; career services; office; students alumni; career development
Progress toward Degree,6,78.5,credits; term; requirements; warning; academic warning; satisfactory; term duke; credit requirements
Grade Review Procedure,6,79.0,grade; instructor; review; chair; division chair; division; work; grounds
Procedure for Resolution of Students' Academic Concerns,5,83.0,academic; complaint; complaints; student; resolved; related; resolution; issues related
Academic Advising,5,83.2,advisors; academic; advising; students; academic advising; guidance; tutoring; teaching students
Overview,5,115.6,community; curriculum; interdisciplinary; expertise; students; writing speaking; disciplinary; speaking
Key Components,5,100.6,credits; courses; requirements; duke; distributional requirements; university; required; 12 credits
Athletics & University Sports,5,43.0,activities; offer; clubs; sport; fitness; recreation; physical; recreational
Application Requirements,5,42.0,high school; school; form; recommendation; high; form including; application form; teacher recommendation
Who We Are,5,113.2,kunshan; duke; duke kunshan; university; education; chancellor; higher education; vice
Education Records,4,55.5,records; information; university; kunshan university; consent; duke kunshan; kunshan; duke
Scholarships and Financial Aid,4,52.2,financial; financial aid; need; aid; need based; based; applicants; tuition
Application Timelines,4,45.8,early; decision; release; application; mid; admission; april; plan
